﻿<?xml version="1.0" encoding="utf-8" ?>
<c2eventsheet>
    <!--All the 'name' attributes are ignored by Construct 2 - they are there for readability only.-->
    <name>Event sheet 1</name>
    <events>
        <variable constant="0" name="MovimentoInimigo" sid="2279270762452901" static="0" type="number">0</variable>
        <variable constant="0" name="pontuacao" sid="1422093259120611" static="0" type="number">0</variable>
        <variable constant="0" name="vidas" sid="3293124776521851" static="0" type="number">3</variable>
        <event-block sid="8145925525135113">
            <conditions>
                <condition id="-2" name="On start of layout" sid="7845007123303911" type="System" />
            </conditions>
            <actions>
                <action id="-15" name="Set visible" sid="7094767359103545" type="Sprite26">
                    <param id="0" name="Visibility">0</param>
                </action>
                <action id="-15" name="Set visible" sid="9007456613409204" type="GameOver">
                    <param id="0" name="Visibility">0</param>
                </action>
                <action behavior="Pin" id="0" name="Pin to object" sid="2659412206273712" type="AnimacaoJogador">
                    <param id="0" name="Pin to">Jogador</param>
                    <param id="1" name="Mode">0</param>
                </action>
            </actions>
        </event-block>
        <event-block sid="4182530502297973">
            <conditions>
                <condition id="0" name="On function" sid="9863501287302379" type="Function">
                    <param id="0" name="Name">&quot;Desativar&quot;</param>
                </condition>
            </conditions>
            <actions>
                <action behavior="Sine" id="0" name="Set active" sid="2121477919725102" type="passaro">
                    <param id="0" name="State">0</param>
                </action>
                <action behavior="Platform" id="11" name="Set enabled" sid="6657088694362597" type="Jogador">
                    <param id="0" name="State">0</param>
                </action>
            </actions>
        </event-block>
        <event-block sid="4815767754202345">
            <conditions>
                <condition behavior="Platform" id="0" name="Is moving" sid="2972345974837199" type="Jogador" />
                <condition behavior="Platform" id="2" name="Is on floor" sid="485055106741365" type="Jogador" />
            </conditions>
            <actions />
            <sub-events>
                <event-block sid="3765937943601394">
                    <conditions>
                        <condition id="-8" name="Compare two values" sid="2952852397687341" type="System">
                            <param id="0" name="First value">Jogador.Platform.MovingAngle</param>
                            <param id="1" name="Comparison">0</param>
                            <param id="2" name="Second value">0</param>
                        </condition>
                    </conditions>
                    <actions>
                        <action id="-10" name="Set value" sid="5328339995548694" type="Jogador">
                            <param id="0" name="Instance variable">Direcao</param>
                            <param id="1" name="Value">&quot;Esquerda&quot; </param>
                        </action>
                    </actions>
                </event-block>
                <event-block sid="72557117362696">
                    <conditions>
                        <condition id="-8" name="Compare two values" sid="1683216496085194" type="System">
                            <param id="0" name="First value">Jogador.Platform.MovingAngle</param>
                            <param id="1" name="Comparison">0</param>
                            <param id="2" name="Second value">180</param>
                        </condition>
                    </conditions>
                    <actions>
                        <action id="-10" name="Set value" sid="8972312980914117" type="Jogador">
                            <param id="0" name="Instance variable">Direcao</param>
                            <param id="1" name="Value">&quot;Direita&quot;</param>
                        </action>
                    </actions>
                </event-block>
                <event-block sid="4197384106274329">
                    <conditions>
                        <condition id="-7" name="Compare instance variable" sid="3285799946745888" type="Jogador">
                            <param id="0" name="Instance variable">Direcao</param>
                            <param id="1" name="Comparison">0</param>
                            <param id="2" name="Value">&quot;Direita&quot;</param>
                        </condition>
                    </conditions>
                    <actions>
                        <action id="4" name="Set animation" sid="8174142528495079" type="AnimacaoJogador">
                            <param id="0" name="Animation">&quot;AndaDireita&quot;</param>
                            <param id="1" name="From">1</param>
                        </action>
                    </actions>
                </event-block>
                <event-block sid="2356873843162795">
                    <conditions>
                        <condition id="-7" name="Compare instance variable" sid="2724374653944369" type="Jogador">
                            <param id="0" name="Instance variable">Direcao</param>
                            <param id="1" name="Comparison">0</param>
                            <param id="2" name="Value">&quot;Esquerda&quot;</param>
                        </condition>
                    </conditions>
                    <actions>
                        <action id="4" name="Set animation" sid="7650586733008751" type="AnimacaoJogador">
                            <param id="0" name="Animation">&quot;AndaEsquerda&quot;</param>
                            <param id="1" name="From">1</param>
                        </action>
                    </actions>
                </event-block>
            </sub-events>
        </event-block>
        <event-block sid="1651389125389219">
            <conditions>
                <condition behavior="Platform" id="5" name="On jump" sid="6070427601080286" type="Jogador" />
            </conditions>
            <actions />
            <sub-events>
                <event-block sid="9118324991793046">
                    <conditions>
                        <condition id="-7" name="Compare instance variable" sid="5712321503756321" type="Jogador">
                            <param id="0" name="Instance variable">Direcao</param>
                            <param id="1" name="Comparison">0</param>
                            <param id="2" name="Value">&quot;Direita&quot;</param>
                        </condition>
                    </conditions>
                    <actions>
                        <action id="4" name="Set animation" sid="8874387440785595" type="AnimacaoJogador">
                            <param id="0" name="Animation">&quot;PuloDireita&quot;</param>
                            <param id="1" name="From">1</param>
                        </action>
                    </actions>
                </event-block>
                <event-block sid="6767766862930308">
                    <conditions>
                        <condition id="-7" name="Compare instance variable" sid="4017259038437974" type="Jogador">
                            <param id="0" name="Instance variable">Direcao</param>
                            <param id="1" name="Comparison">0</param>
                            <param id="2" name="Value">&quot;Esquerda&quot;</param>
                        </condition>
                    </conditions>
                    <actions>
                        <action id="4" name="Set animation" sid="1315605969744173" type="AnimacaoJogador">
                            <param id="0" name="Animation">&quot;PuloEsquerda&quot;</param>
                            <param id="1" name="From">1</param>
                        </action>
                    </actions>
                </event-block>
            </sub-events>
        </event-block>
        <event-block sid="1789060356812614">
            <conditions>
                <condition behavior="Platform" id="0" inverted="1" name="Is moving" sid="5522513564304916" type="Jogador" />
            </conditions>
            <actions />
            <sub-events>
                <event-block sid="3381587568804543">
                    <conditions>
                        <condition id="-7" name="Compare instance variable" sid="4710362731265553" type="Jogador">
                            <param id="0" name="Instance variable">Direcao</param>
                            <param id="1" name="Comparison">0</param>
                            <param id="2" name="Value">&quot;Direita&quot;</param>
                        </condition>
                    </conditions>
                    <actions>
                        <action id="4" name="Set animation" sid="1113238435978669" type="AnimacaoJogador">
                            <param id="0" name="Animation">&quot;ParadoDireita&quot;</param>
                            <param id="1" name="From">1</param>
                        </action>
                    </actions>
                </event-block>
                <event-block sid="1659457106637861">
                    <conditions>
                        <condition id="-7" name="Compare instance variable" sid="3968364540388774" type="Jogador">
                            <param id="0" name="Instance variable">Direcao</param>
                            <param id="1" name="Comparison">0</param>
                            <param id="2" name="Value">&quot;Esquerda&quot;</param>
                        </condition>
                    </conditions>
                    <actions>
                        <action id="4" name="Set animation" sid="8364073050408584" type="AnimacaoJogador">
                            <param id="0" name="Animation">&quot;ParadoEsquerda&quot;</param>
                            <param id="1" name="From">1</param>
                        </action>
                    </actions>
                </event-block>
            </sub-events>
        </event-block>
        <event-block any="1" sid="6413841614547383">
            <conditions>
                <condition id="0" name="On collision with another object" sid="5448723316906126" type="Jogador">
                    <param id="0" name="Object">passaro</param>
                </condition>
                <condition id="0" name="On collision with another object" sid="6305529594692845" type="Jogador">
                    <param id="0" name="Object">fantasma</param>
                </condition>
            </conditions>
            <actions />
            <sub-events>
                <event-block sid="6864468615911992">
                    <conditions>
                        <condition behavior="Flash" id="0" inverted="1" name="Is flashing" sid="6281556306322638" type="AnimacaoJogador" />
                    </conditions>
                    <actions>
                        <action id="-11" name="Subtract from" sid="6048684602250032" type="System">
                            <param id="0" name="Variable">vidas</param>
                            <param id="1" name="Value">1</param>
                        </action>
                        <action behavior="Flash" id="0" name="Flash" sid="3855398675058466" type="AnimacaoJogador">
                            <param id="0" name="&apos;On&apos; time">0.1</param>
                            <param id="1" name="&apos;Off&apos; time">0.1</param>
                            <param id="2" name="Duration">1.0</param>
                        </action>
                        <action id="0" name="Set text" sid="684304635436686" type="Vidas">
                            <param id="0" name="Text">vidas</param>
                        </action>
                    </actions>
                </event-block>
                <event-block sid="6694681003990703">
                    <conditions>
                        <condition id="-14" name="Compare variable" sid="4109987159982744" type="System">
                            <param id="0" name="Variable">vidas</param>
                            <param id="1" name="Comparison">3</param>
                            <param id="2" name="Value">0</param>
                        </condition>
                    </conditions>
                    <actions>
                        <action behavior="DragDrop" id="0" name="Set enabled" sid="1655177334247168" type="Sprite26">
                            <param id="0" name="State">1</param>
                        </action>
                        <action id="-15" name="Set visible" sid="6605010101843422" type="Sprite26">
                            <param id="0" name="Visibility">1</param>
                        </action>
                        <action id="-15" name="Set visible" sid="5785012411146599" type="GameOver">
                            <param id="0" name="Visibility">1</param>
                        </action>
                        <action id="0" name="Call function" sid="1309383803920869" type="Function">
                            <param id="0" name="Name">&quot;Desativar&quot;</param>
                            <param id="1" name="Parameter {n}"></param>
                        </action>
                    </actions>
                </event-block>
            </sub-events>
        </event-block>
        <event-block sid="9671312442277818">
            <conditions>
                <condition behavior="DragDrop" id="0" name="Is dragging" sid="1478756139811909" type="Sprite26" />
            </conditions>
            <actions>
                <action id="-21" name="Reset global variables" sid="6831876988147304" type="System" />
                <action id="-26" name="Restart layout" sid="9909621749241534" type="System" />
            </actions>
        </event-block>
        <event-block sid="2383678934609259">
            <conditions>
                <condition id="0" name="On collision with another object" sid="7033944286424061" type="Jogador">
                    <param id="0" name="Object">DinheiroPequeno</param>
                </condition>
            </conditions>
            <actions>
                <action id="-9" name="Destroy" sid="6955212272377814" type="DinheiroPequeno" />
                <action id="-10" name="Add to" sid="6949046373840252" type="System">
                    <param id="0" name="Variable">pontuacao</param>
                    <param id="1" name="Value">10</param>
                </action>
                <action id="0" name="Set text" sid="6522986067842638" type="pontuacao">
                    <param id="0" name="Text">pontuacao</param>
                </action>
            </actions>
        </event-block>
        <event-block sid="4690442635445957">
            <conditions>
                <condition id="0" name="On collision with another object" sid="5486945122363598" type="Jogador">
                    <param id="0" name="Object">DinheiroGrande</param>
                </condition>
            </conditions>
            <actions>
                <action id="-9" name="Destroy" sid="8806757113149469" type="DinheiroGrande" />
                <action id="-10" name="Add to" sid="2840208827517954" type="System">
                    <param id="0" name="Variable">pontuacao</param>
                    <param id="1" name="Value">20</param>
                </action>
                <action id="0" name="Set text" sid="2149981349082838" type="pontuacao">
                    <param id="0" name="Text">pontuacao</param>
                </action>
            </actions>
        </event-block>
        <event-block sid="7386579424041782">
            <conditions>
                <condition id="0" name="On collision with another object" sid="7009912311527" type="Jogador">
                    <param id="0" name="Object">Sprite16</param>
                </condition>
            </conditions>
            <actions>
                <action id="-9" name="Destroy" sid="3298688616782775" type="Sprite16" />
                <action id="-10" name="Add to" sid="3121606239699631" type="System">
                    <param id="0" name="Variable">pontuacao</param>
                    <param id="1" name="Value">50</param>
                </action>
                <action id="0" name="Set text" sid="1679809343736942" type="pontuacao">
                    <param id="0" name="Text">pontuacao</param>
                </action>
            </actions>
        </event-block>
        <event-block sid="6741880361948674">
            <conditions>
                <condition id="-14" name="Compare variable" sid="1854134941831919" type="System">
                    <param id="0" name="Variable">pontuacao</param>
                    <param id="1" name="Comparison">0</param>
                    <param id="2" name="Value">400</param>
                </condition>
            </conditions>
            <actions>
                <action id="-15" name="Set visible" sid="8185678678993501" type="Sprite26">
                    <param id="0" name="Visibility">1</param>
                </action>
                <action behavior="DragDrop" id="0" name="Set enabled" sid="2426372255844699" type="Sprite26">
                    <param id="0" name="State">1</param>
                </action>
                <action id="-15" name="Set visible" sid="1536962404118077" type="venceu">
                    <param id="0" name="Visibility">1</param>
                </action>
                <action id="0" name="Call function" sid="6813705590002681" type="Function">
                    <param id="0" name="Name">&quot;Desativar&quot;</param>
                    <param id="1" name="Parameter {n}"></param>
                </action>
                <action id="4" name="Set animation" sid="2367868505605738" type="AnimacaoJogador">
                    <param id="0" name="Animation">&quot;ParadoEsquerda&quot;</param>
                    <param id="1" name="From">1</param>
                </action>
            </actions>
        </event-block>
        <event-block sid="748188419232531">
            <conditions>
                <condition id="0" name="On key pressed" sid="5461453325764587" type="Keyboard">
                    <param id="0" name="Key">82 (R)</param>
                </condition>
            </conditions>
            <actions>
                <action id="-15" name="Set visible" sid="6480264652453604" type="Sprite26">
                    <param id="0" name="Visibility">1</param>
                </action>
                <action behavior="DragDrop" id="0" name="Set enabled" sid="9192617738912308" type="Sprite26">
                    <param id="0" name="State">1</param>
                </action>
                <action id="0" name="Call function" sid="6455638484530031" type="Function">
                    <param id="0" name="Name">&quot;Desativar&quot;</param>
                    <param id="1" name="Parameter {n}"></param>
                </action>
            </actions>
        </event-block>
        <event-block sid="2563419789169963">
            <conditions>
                <condition id="0" name="On collision with another object" sid="119608169793651" type="fantasma">
                    <param id="0" name="Object">DinheiroGrande</param>
                </condition>
            </conditions>
            <actions>
                <action id="-9" name="Set value" sid="1495817186006155" type="System">
                    <param id="0" name="Variable">MovimentoInimigo</param>
                    <param id="1" name="Value">1</param>
                </action>
            </actions>
        </event-block>
        <event-block sid="768813912150266">
            <conditions>
                <condition id="0" name="On collision with another object" sid="3320937328043015" type="fantasma">
                    <param id="0" name="Object">Sprite21</param>
                </condition>
            </conditions>
            <actions>
                <action id="-9" name="Set value" sid="3383902881024841" type="System">
                    <param id="0" name="Variable">MovimentoInimigo</param>
                    <param id="1" name="Value">0</param>
                </action>
            </actions>
        </event-block>
        <event-block sid="2842978973448475">
            <conditions>
                <condition id="-14" name="Compare variable" sid="1400364357010742" type="System">
                    <param id="0" name="Variable">MovimentoInimigo</param>
                    <param id="1" name="Comparison">0</param>
                    <param id="2" name="Value">0</param>
                </condition>
            </conditions>
            <actions>
                <action id="7" name="Set mirrored" sid="73918064777898" type="fantasma">
                    <param id="0" name="State">0</param>
                </action>
                <action behavior="Platform" id="7" name="Simulate control" sid="3097469169193909" type="fantasma">
                    <param id="0" name="Control">0</param>
                </action>
            </actions>
        </event-block>
        <event-block sid="5138424801314315">
            <conditions>
                <condition id="-14" name="Compare variable" sid="2502076132212784" type="System">
                    <param id="0" name="Variable">MovimentoInimigo</param>
                    <param id="1" name="Comparison">0</param>
                    <param id="2" name="Value">1</param>
                </condition>
            </conditions>
            <actions>
                <action id="7" name="Set mirrored" sid="7406130484617843" type="fantasma">
                    <param id="0" name="State">1</param>
                </action>
                <action behavior="Platform" id="7" name="Simulate control" sid="5196095842145509" type="fantasma">
                    <param id="0" name="Control">1</param>
                </action>
            </actions>
        </event-block>
    </events>
</c2eventsheet>
